LR,HR
./train/lr/0000.png,./train/hr/0000.png
./train/lr/0001.png,./train/hr/0001.png
./train/lr/0002.png,./train/hr/0002.png
./train/lr/0003.png,./train/hr/0003.png
./train/lr/0004.png,./train/hr/0004.png
./train/lr/0005.png,./train/hr/0005.png
./train/lr/0006.png,./train/hr/0006.png
./train/lr/0007.png,./train/hr/0007.png
./train/lr/0008.png,./train/hr/0008.png
./train/lr/0009.png,./train/hr/0009.png
./train/lr/0010.png,./train/hr/0010.png
./train/lr/0011.png,./train/hr/0011.png
./train/lr/0012.png,./train/hr/0012.png
./train/lr/0013.png,./train/hr/0013.png
./train/lr/0014.png,./train/hr/0014.png
./train/lr/0015.png,./train/hr/0015.png
./train/lr/0016.png,./train/hr/0016.png
./train/lr/0017.png,./train/hr/0017.png
./train/lr/0018.png,./train/hr/0018.png
./train/lr/0019.png,./train/hr/0019.png
./train/lr/0020.png,./train/hr/0020.png
./train/lr/0021.png,./train/hr/0021.png
./train/lr/0022.png,./train/hr/0022.png
./train/lr/0023.png,./train/hr/0023.png
./train/lr/0024.png,./train/hr/0024.png
./train/lr/0025.png,./train/hr/0025.png
./train/lr/0026.png,./train/hr/0026.png
./train/lr/0027.png,./train/hr/0027.png
./train/lr/0028.png,./train/hr/0028.png
./train/lr/0029.png,./train/hr/0029.png
./train/lr/0030.png,./train/hr/0030.png
./train/lr/0031.png,./train/hr/0031.png
./train/lr/0032.png,./train/hr/0032.png
./train/lr/0033.png,./train/hr/0033.png
./train/lr/0034.png,./train/hr/0034.png
./train/lr/0035.png,./train/hr/0035.png
./train/lr/0036.png,./train/hr/0036.png
./train/lr/0037.png,./train/hr/0037.png
./train/lr/0038.png,./train/hr/0038.png
./train/lr/0039.png,./train/hr/0039.png
./train/lr/0040.png,./train/hr/0040.png
./train/lr/0041.png,./train/hr/0041.png
./train/lr/0042.png,./train/hr/0042.png
./train/lr/0043.png,./train/hr/0043.png
./train/lr/0044.png,./train/hr/0044.png
./train/lr/0045.png,./train/hr/0045.png
./train/lr/0046.png,./train/hr/0046.png
./train/lr/0047.png,./train/hr/0047.png
./train/lr/0048.png,./train/hr/0048.png
./train/lr/0049.png,./train/hr/0049.png
./train/lr/0050.png,./train/hr/0050.png
./train/lr/0051.png,./train/hr/0051.png
./train/lr/0052.png,./train/hr/0052.png
./train/lr/0053.png,./train/hr/0053.png
./train/lr/0054.png,./train/hr/0054.png
./train/lr/0055.png,./train/hr/0055.png
./train/lr/0056.png,./train/hr/0056.png
./train/lr/0057.png,./train/hr/0057.png
./train/lr/0058.png,./train/hr/0058.png
./train/lr/0059.png,./train/hr/0059.png
./train/lr/0060.png,./train/hr/0060.png
./train/lr/0061.png,./train/hr/0061.png
./train/lr/0062.png,./train/hr/0062.png
./train/lr/0063.png,./train/hr/0063.png
./train/lr/0064.png,./train/hr/0064.png
./train/lr/0065.png,./train/hr/0065.png
./train/lr/0066.png,./train/hr/0066.png
./train/lr/0067.png,./train/hr/0067.png
./train/lr/0068.png,./train/hr/0068.png
./train/lr/0069.png,./train/hr/0069.png
./train/lr/0070.png,./train/hr/0070.png
./train/lr/0071.png,./train/hr/0071.png
./train/lr/0072.png,./train/hr/0072.png
./train/lr/0073.png,./train/hr/0073.png
./train/lr/0074.png,./train/hr/0074.png
./train/lr/0075.png,./train/hr/0075.png
./train/lr/0076.png,./train/hr/0076.png
./train/lr/0077.png,./train/hr/0077.png
./train/lr/0078.png,./train/hr/0078.png
./train/lr/0079.png,./train/hr/0079.png
./train/lr/0080.png,./train/hr/0080.png
./train/lr/0081.png,./train/hr/0081.png
./train/lr/0082.png,./train/hr/0082.png
./train/lr/0083.png,./train/hr/0083.png
./train/lr/0084.png,./train/hr/0084.png
./train/lr/0085.png,./train/hr/0085.png
./train/lr/0086.png,./train/hr/0086.png
./train/lr/0087.png,./train/hr/0087.png
./train/lr/0088.png,./train/hr/0088.png
./train/lr/0089.png,./train/hr/0089.png
./train/lr/0090.png,./train/hr/0090.png
./train/lr/0091.png,./train/hr/0091.png
./train/lr/0092.png,./train/hr/0092.png
./train/lr/0093.png,./train/hr/0093.png
./train/lr/0094.png,./train/hr/0094.png
./train/lr/0095.png,./train/hr/0095.png
./train/lr/0096.png,./train/hr/0096.png
./train/lr/0097.png,./train/hr/0097.png
./train/lr/0098.png,./train/hr/0098.png
./train/lr/0099.png,./train/hr/0099.png
./train/lr/0100.png,./train/hr/0100.png
./train/lr/0101.png,./train/hr/0101.png
./train/lr/0102.png,./train/hr/0102.png
./train/lr/0103.png,./train/hr/0103.png
./train/lr/0104.png,./train/hr/0104.png
./train/lr/0105.png,./train/hr/0105.png
./train/lr/0106.png,./train/hr/0106.png
./train/lr/0107.png,./train/hr/0107.png
./train/lr/0108.png,./train/hr/0108.png
./train/lr/0109.png,./train/hr/0109.png
./train/lr/0110.png,./train/hr/0110.png
./train/lr/0111.png,./train/hr/0111.png
./train/lr/0112.png,./train/hr/0112.png
./train/lr/0113.png,./train/hr/0113.png
./train/lr/0114.png,./train/hr/0114.png
./train/lr/0115.png,./train/hr/0115.png
./train/lr/0116.png,./train/hr/0116.png
./train/lr/0117.png,./train/hr/0117.png
./train/lr/0118.png,./train/hr/0118.png
./train/lr/0119.png,./train/hr/0119.png
./train/lr/0120.png,./train/hr/0120.png
./train/lr/0121.png,./train/hr/0121.png
./train/lr/0122.png,./train/hr/0122.png
./train/lr/0123.png,./train/hr/0123.png
./train/lr/0124.png,./train/hr/0124.png
./train/lr/0125.png,./train/hr/0125.png
./train/lr/0126.png,./train/hr/0126.png
./train/lr/0127.png,./train/hr/0127.png
./train/lr/0128.png,./train/hr/0128.png
./train/lr/0129.png,./train/hr/0129.png
./train/lr/0130.png,./train/hr/0130.png
./train/lr/0131.png,./train/hr/0131.png
./train/lr/0132.png,./train/hr/0132.png
./train/lr/0133.png,./train/hr/0133.png
./train/lr/0134.png,./train/hr/0134.png
./train/lr/0135.png,./train/hr/0135.png
./train/lr/0136.png,./train/hr/0136.png
./train/lr/0137.png,./train/hr/0137.png
./train/lr/0138.png,./train/hr/0138.png
./train/lr/0139.png,./train/hr/0139.png
./train/lr/0140.png,./train/hr/0140.png
./train/lr/0141.png,./train/hr/0141.png
./train/lr/0142.png,./train/hr/0142.png
./train/lr/0143.png,./train/hr/0143.png
./train/lr/0144.png,./train/hr/0144.png
./train/lr/0145.png,./train/hr/0145.png
./train/lr/0146.png,./train/hr/0146.png
./train/lr/0147.png,./train/hr/0147.png
./train/lr/0148.png,./train/hr/0148.png
./train/lr/0149.png,./train/hr/0149.png
./train/lr/0150.png,./train/hr/0150.png
./train/lr/0151.png,./train/hr/0151.png
./train/lr/0152.png,./train/hr/0152.png
./train/lr/0153.png,./train/hr/0153.png
./train/lr/0154.png,./train/hr/0154.png
./train/lr/0155.png,./train/hr/0155.png
./train/lr/0156.png,./train/hr/0156.png
./train/lr/0157.png,./train/hr/0157.png
./train/lr/0158.png,./train/hr/0158.png
./train/lr/0159.png,./train/hr/0159.png
./train/lr/0160.png,./train/hr/0160.png
./train/lr/0161.png,./train/hr/0161.png
./train/lr/0162.png,./train/hr/0162.png
./train/lr/0163.png,./train/hr/0163.png
./train/lr/0164.png,./train/hr/0164.png
./train/lr/0165.png,./train/hr/0165.png
./train/lr/0166.png,./train/hr/0166.png
./train/lr/0167.png,./train/hr/0167.png
./train/lr/0168.png,./train/hr/0168.png
./train/lr/0169.png,./train/hr/0169.png
./train/lr/0170.png,./train/hr/0170.png
./train/lr/0171.png,./train/hr/0171.png
./train/lr/0172.png,./train/hr/0172.png
./train/lr/0173.png,./train/hr/0173.png
./train/lr/0174.png,./train/hr/0174.png
./train/lr/0175.png,./train/hr/0175.png
./train/lr/0176.png,./train/hr/0176.png
./train/lr/0177.png,./train/hr/0177.png
./train/lr/0178.png,./train/hr/0178.png
./train/lr/0179.png,./train/hr/0179.png
./train/lr/0180.png,./train/hr/0180.png
./train/lr/0181.png,./train/hr/0181.png
./train/lr/0182.png,./train/hr/0182.png
./train/lr/0183.png,./train/hr/0183.png
./train/lr/0184.png,./train/hr/0184.png
./train/lr/0185.png,./train/hr/0185.png
./train/lr/0186.png,./train/hr/0186.png
./train/lr/0187.png,./train/hr/0187.png
./train/lr/0188.png,./train/hr/0188.png
./train/lr/0189.png,./train/hr/0189.png
./train/lr/0190.png,./train/hr/0190.png
./train/lr/0191.png,./train/hr/0191.png
./train/lr/0192.png,./train/hr/0192.png
./train/lr/0193.png,./train/hr/0193.png
./train/lr/0194.png,./train/hr/0194.png
./train/lr/0195.png,./train/hr/0195.png
./train/lr/0196.png,./train/hr/0196.png
./train/lr/0197.png,./train/hr/0197.png
./train/lr/0198.png,./train/hr/0198.png
./train/lr/0199.png,./train/hr/0199.png
./train/lr/0200.png,./train/hr/0200.png
./train/lr/0201.png,./train/hr/0201.png
./train/lr/0202.png,./train/hr/0202.png
./train/lr/0203.png,./train/hr/0203.png
./train/lr/0204.png,./train/hr/0204.png
./train/lr/0205.png,./train/hr/0205.png
./train/lr/0206.png,./train/hr/0206.png
./train/lr/0207.png,./train/hr/0207.png
./train/lr/0208.png,./train/hr/0208.png
./train/lr/0209.png,./train/hr/0209.png
./train/lr/0210.png,./train/hr/0210.png
./train/lr/0211.png,./train/hr/0211.png
./train/lr/0212.png,./train/hr/0212.png
./train/lr/0213.png,./train/hr/0213.png
./train/lr/0214.png,./train/hr/0214.png
./train/lr/0215.png,./train/hr/0215.png
./train/lr/0216.png,./train/hr/0216.png
./train/lr/0217.png,./train/hr/0217.png
./train/lr/0218.png,./train/hr/0218.png
./train/lr/0219.png,./train/hr/0219.png
./train/lr/0220.png,./train/hr/0220.png
./train/lr/0221.png,./train/hr/0221.png
./train/lr/0222.png,./train/hr/0222.png
./train/lr/0223.png,./train/hr/0223.png
./train/lr/0224.png,./train/hr/0224.png
./train/lr/0225.png,./train/hr/0225.png
./train/lr/0226.png,./train/hr/0226.png
./train/lr/0227.png,./train/hr/0227.png
./train/lr/0228.png,./train/hr/0228.png
./train/lr/0229.png,./train/hr/0229.png
./train/lr/0230.png,./train/hr/0230.png
./train/lr/0231.png,./train/hr/0231.png
./train/lr/0232.png,./train/hr/0232.png
./train/lr/0233.png,./train/hr/0233.png
./train/lr/0234.png,./train/hr/0234.png
./train/lr/0235.png,./train/hr/0235.png
./train/lr/0236.png,./train/hr/0236.png
./train/lr/0237.png,./train/hr/0237.png
./train/lr/0238.png,./train/hr/0238.png
./train/lr/0239.png,./train/hr/0239.png
./train/lr/0240.png,./train/hr/0240.png
./train/lr/0241.png,./train/hr/0241.png
./train/lr/0242.png,./train/hr/0242.png
./train/lr/0243.png,./train/hr/0243.png
./train/lr/0244.png,./train/hr/0244.png
./train/lr/0245.png,./train/hr/0245.png
./train/lr/0246.png,./train/hr/0246.png
./train/lr/0247.png,./train/hr/0247.png
./train/lr/0248.png,./train/hr/0248.png
./train/lr/0249.png,./train/hr/0249.png
./train/lr/0250.png,./train/hr/0250.png
./train/lr/0251.png,./train/hr/0251.png
./train/lr/0252.png,./train/hr/0252.png
./train/lr/0253.png,./train/hr/0253.png
./train/lr/0254.png,./train/hr/0254.png
./train/lr/0255.png,./train/hr/0255.png
./train/lr/0256.png,./train/hr/0256.png
./train/lr/0257.png,./train/hr/0257.png
./train/lr/0258.png,./train/hr/0258.png
./train/lr/0259.png,./train/hr/0259.png
./train/lr/0260.png,./train/hr/0260.png
./train/lr/0261.png,./train/hr/0261.png
./train/lr/0262.png,./train/hr/0262.png
./train/lr/0263.png,./train/hr/0263.png
./train/lr/0264.png,./train/hr/0264.png
./train/lr/0265.png,./train/hr/0265.png
./train/lr/0266.png,./train/hr/0266.png
./train/lr/0267.png,./train/hr/0267.png
./train/lr/0268.png,./train/hr/0268.png
./train/lr/0269.png,./train/hr/0269.png
./train/lr/0270.png,./train/hr/0270.png
./train/lr/0271.png,./train/hr/0271.png
./train/lr/0272.png,./train/hr/0272.png
./train/lr/0273.png,./train/hr/0273.png
./train/lr/0274.png,./train/hr/0274.png
./train/lr/0275.png,./train/hr/0275.png
./train/lr/0276.png,./train/hr/0276.png
./train/lr/0277.png,./train/hr/0277.png
./train/lr/0278.png,./train/hr/0278.png
./train/lr/0279.png,./train/hr/0279.png
./train/lr/0280.png,./train/hr/0280.png
./train/lr/0281.png,./train/hr/0281.png
./train/lr/0282.png,./train/hr/0282.png
./train/lr/0283.png,./train/hr/0283.png
./train/lr/0284.png,./train/hr/0284.png
./train/lr/0285.png,./train/hr/0285.png
./train/lr/0286.png,./train/hr/0286.png
./train/lr/0287.png,./train/hr/0287.png
./train/lr/0288.png,./train/hr/0288.png
./train/lr/0289.png,./train/hr/0289.png
./train/lr/0290.png,./train/hr/0290.png
./train/lr/0291.png,./train/hr/0291.png
./train/lr/0292.png,./train/hr/0292.png
./train/lr/0293.png,./train/hr/0293.png
./train/lr/0294.png,./train/hr/0294.png
./train/lr/0295.png,./train/hr/0295.png
./train/lr/0296.png,./train/hr/0296.png
./train/lr/0297.png,./train/hr/0297.png
./train/lr/0298.png,./train/hr/0298.png
./train/lr/0299.png,./train/hr/0299.png
./train/lr/0300.png,./train/hr/0300.png
./train/lr/0301.png,./train/hr/0301.png
./train/lr/0302.png,./train/hr/0302.png
./train/lr/0303.png,./train/hr/0303.png
./train/lr/0304.png,./train/hr/0304.png
./train/lr/0305.png,./train/hr/0305.png
./train/lr/0306.png,./train/hr/0306.png
./train/lr/0307.png,./train/hr/0307.png
./train/lr/0308.png,./train/hr/0308.png
./train/lr/0309.png,./train/hr/0309.png
./train/lr/0310.png,./train/hr/0310.png
./train/lr/0311.png,./train/hr/0311.png
./train/lr/0312.png,./train/hr/0312.png
./train/lr/0313.png,./train/hr/0313.png
./train/lr/0314.png,./train/hr/0314.png
./train/lr/0315.png,./train/hr/0315.png
./train/lr/0316.png,./train/hr/0316.png
./train/lr/0317.png,./train/hr/0317.png
./train/lr/0318.png,./train/hr/0318.png
./train/lr/0319.png,./train/hr/0319.png
./train/lr/0320.png,./train/hr/0320.png
./train/lr/0321.png,./train/hr/0321.png
./train/lr/0322.png,./train/hr/0322.png
./train/lr/0323.png,./train/hr/0323.png
./train/lr/0324.png,./train/hr/0324.png
./train/lr/0325.png,./train/hr/0325.png
./train/lr/0326.png,./train/hr/0326.png
./train/lr/0327.png,./train/hr/0327.png
./train/lr/0328.png,./train/hr/0328.png
./train/lr/0329.png,./train/hr/0329.png
./train/lr/0330.png,./train/hr/0330.png
./train/lr/0331.png,./train/hr/0331.png
./train/lr/0332.png,./train/hr/0332.png
./train/lr/0333.png,./train/hr/0333.png
./train/lr/0334.png,./train/hr/0334.png
./train/lr/0335.png,./train/hr/0335.png
./train/lr/0336.png,./train/hr/0336.png
./train/lr/0337.png,./train/hr/0337.png
./train/lr/0338.png,./train/hr/0338.png
./train/lr/0339.png,./train/hr/0339.png
./train/lr/0340.png,./train/hr/0340.png
./train/lr/0341.png,./train/hr/0341.png
./train/lr/0342.png,./train/hr/0342.png
./train/lr/0343.png,./train/hr/0343.png
./train/lr/0344.png,./train/hr/0344.png
./train/lr/0345.png,./train/hr/0345.png
./train/lr/0346.png,./train/hr/0346.png
./train/lr/0347.png,./train/hr/0347.png
./train/lr/0348.png,./train/hr/0348.png
./train/lr/0349.png,./train/hr/0349.png
./train/lr/0350.png,./train/hr/0350.png
./train/lr/0351.png,./train/hr/0351.png
./train/lr/0352.png,./train/hr/0352.png
./train/lr/0353.png,./train/hr/0353.png
./train/lr/0354.png,./train/hr/0354.png
./train/lr/0355.png,./train/hr/0355.png
./train/lr/0356.png,./train/hr/0356.png
./train/lr/0357.png,./train/hr/0357.png
./train/lr/0358.png,./train/hr/0358.png
./train/lr/0359.png,./train/hr/0359.png
./train/lr/0360.png,./train/hr/0360.png
./train/lr/0361.png,./train/hr/0361.png
./train/lr/0362.png,./train/hr/0362.png
./train/lr/0363.png,./train/hr/0363.png
./train/lr/0364.png,./train/hr/0364.png
./train/lr/0365.png,./train/hr/0365.png
./train/lr/0366.png,./train/hr/0366.png
./train/lr/0367.png,./train/hr/0367.png
./train/lr/0368.png,./train/hr/0368.png
./train/lr/0369.png,./train/hr/0369.png
./train/lr/0370.png,./train/hr/0370.png
./train/lr/0371.png,./train/hr/0371.png
./train/lr/0372.png,./train/hr/0372.png
./train/lr/0373.png,./train/hr/0373.png
./train/lr/0374.png,./train/hr/0374.png
./train/lr/0375.png,./train/hr/0375.png
./train/lr/0376.png,./train/hr/0376.png
./train/lr/0377.png,./train/hr/0377.png
./train/lr/0378.png,./train/hr/0378.png
./train/lr/0379.png,./train/hr/0379.png
./train/lr/0380.png,./train/hr/0380.png
./train/lr/0381.png,./train/hr/0381.png
./train/lr/0382.png,./train/hr/0382.png
./train/lr/0383.png,./train/hr/0383.png
./train/lr/0384.png,./train/hr/0384.png
./train/lr/0385.png,./train/hr/0385.png
./train/lr/0386.png,./train/hr/0386.png
./train/lr/0387.png,./train/hr/0387.png
./train/lr/0388.png,./train/hr/0388.png
./train/lr/0389.png,./train/hr/0389.png
./train/lr/0390.png,./train/hr/0390.png
./train/lr/0391.png,./train/hr/0391.png
./train/lr/0392.png,./train/hr/0392.png
./train/lr/0393.png,./train/hr/0393.png
./train/lr/0394.png,./train/hr/0394.png
./train/lr/0395.png,./train/hr/0395.png
./train/lr/0396.png,./train/hr/0396.png
./train/lr/0397.png,./train/hr/0397.png
./train/lr/0398.png,./train/hr/0398.png
./train/lr/0399.png,./train/hr/0399.png
./train/lr/0400.png,./train/hr/0400.png
./train/lr/0401.png,./train/hr/0401.png
./train/lr/0402.png,./train/hr/0402.png
./train/lr/0403.png,./train/hr/0403.png
./train/lr/0404.png,./train/hr/0404.png
./train/lr/0405.png,./train/hr/0405.png
./train/lr/0406.png,./train/hr/0406.png
./train/lr/0407.png,./train/hr/0407.png
./train/lr/0408.png,./train/hr/0408.png
./train/lr/0409.png,./train/hr/0409.png
./train/lr/0410.png,./train/hr/0410.png
./train/lr/0411.png,./train/hr/0411.png
./train/lr/0412.png,./train/hr/0412.png
./train/lr/0413.png,./train/hr/0413.png
./train/lr/0414.png,./train/hr/0414.png
./train/lr/0415.png,./train/hr/0415.png
./train/lr/0416.png,./train/hr/0416.png
./train/lr/0417.png,./train/hr/0417.png
./train/lr/0418.png,./train/hr/0418.png
./train/lr/0419.png,./train/hr/0419.png
./train/lr/0420.png,./train/hr/0420.png
./train/lr/0421.png,./train/hr/0421.png
./train/lr/0422.png,./train/hr/0422.png
./train/lr/0423.png,./train/hr/0423.png
./train/lr/0424.png,./train/hr/0424.png
./train/lr/0425.png,./train/hr/0425.png
./train/lr/0426.png,./train/hr/0426.png
./train/lr/0427.png,./train/hr/0427.png
./train/lr/0428.png,./train/hr/0428.png
./train/lr/0429.png,./train/hr/0429.png
./train/lr/0430.png,./train/hr/0430.png
./train/lr/0431.png,./train/hr/0431.png
./train/lr/0432.png,./train/hr/0432.png
./train/lr/0433.png,./train/hr/0433.png
./train/lr/0434.png,./train/hr/0434.png
./train/lr/0435.png,./train/hr/0435.png
./train/lr/0436.png,./train/hr/0436.png
./train/lr/0437.png,./train/hr/0437.png
./train/lr/0438.png,./train/hr/0438.png
./train/lr/0439.png,./train/hr/0439.png
./train/lr/0440.png,./train/hr/0440.png
./train/lr/0441.png,./train/hr/0441.png
./train/lr/0442.png,./train/hr/0442.png
./train/lr/0443.png,./train/hr/0443.png
./train/lr/0444.png,./train/hr/0444.png
./train/lr/0445.png,./train/hr/0445.png
./train/lr/0446.png,./train/hr/0446.png
./train/lr/0447.png,./train/hr/0447.png
./train/lr/0448.png,./train/hr/0448.png
./train/lr/0449.png,./train/hr/0449.png
./train/lr/0450.png,./train/hr/0450.png
./train/lr/0451.png,./train/hr/0451.png
./train/lr/0452.png,./train/hr/0452.png
./train/lr/0453.png,./train/hr/0453.png
./train/lr/0454.png,./train/hr/0454.png
./train/lr/0455.png,./train/hr/0455.png
./train/lr/0456.png,./train/hr/0456.png
./train/lr/0457.png,./train/hr/0457.png
./train/lr/0458.png,./train/hr/0458.png
./train/lr/0459.png,./train/hr/0459.png
./train/lr/0460.png,./train/hr/0460.png
./train/lr/0461.png,./train/hr/0461.png
./train/lr/0462.png,./train/hr/0462.png
./train/lr/0463.png,./train/hr/0463.png
./train/lr/0464.png,./train/hr/0464.png
./train/lr/0465.png,./train/hr/0465.png
./train/lr/0466.png,./train/hr/0466.png
./train/lr/0467.png,./train/hr/0467.png
./train/lr/0468.png,./train/hr/0468.png
./train/lr/0469.png,./train/hr/0469.png
./train/lr/0470.png,./train/hr/0470.png
./train/lr/0471.png,./train/hr/0471.png
./train/lr/0472.png,./train/hr/0472.png
./train/lr/0473.png,./train/hr/0473.png
./train/lr/0474.png,./train/hr/0474.png
./train/lr/0475.png,./train/hr/0475.png
./train/lr/0476.png,./train/hr/0476.png
./train/lr/0477.png,./train/hr/0477.png
./train/lr/0478.png,./train/hr/0478.png
./train/lr/0479.png,./train/hr/0479.png
./train/lr/0480.png,./train/hr/0480.png
./train/lr/0481.png,./train/hr/0481.png
./train/lr/0482.png,./train/hr/0482.png
./train/lr/0483.png,./train/hr/0483.png
./train/lr/0484.png,./train/hr/0484.png
./train/lr/0485.png,./train/hr/0485.png
./train/lr/0486.png,./train/hr/0486.png
./train/lr/0487.png,./train/hr/0487.png
./train/lr/0488.png,./train/hr/0488.png
./train/lr/0489.png,./train/hr/0489.png
./train/lr/0490.png,./train/hr/0490.png
./train/lr/0491.png,./train/hr/0491.png
./train/lr/0492.png,./train/hr/0492.png
./train/lr/0493.png,./train/hr/0493.png
./train/lr/0494.png,./train/hr/0494.png
./train/lr/0495.png,./train/hr/0495.png
./train/lr/0496.png,./train/hr/0496.png
./train/lr/0497.png,./train/hr/0497.png
./train/lr/0498.png,./train/hr/0498.png
./train/lr/0499.png,./train/hr/0499.png
./train/lr/0500.png,./train/hr/0500.png
./train/lr/0501.png,./train/hr/0501.png
./train/lr/0502.png,./train/hr/0502.png
./train/lr/0503.png,./train/hr/0503.png
./train/lr/0504.png,./train/hr/0504.png
./train/lr/0505.png,./train/hr/0505.png
./train/lr/0506.png,./train/hr/0506.png
./train/lr/0507.png,./train/hr/0507.png
./train/lr/0508.png,./train/hr/0508.png
./train/lr/0509.png,./train/hr/0509.png
./train/lr/0510.png,./train/hr/0510.png
./train/lr/0511.png,./train/hr/0511.png
./train/lr/0512.png,./train/hr/0512.png
./train/lr/0513.png,./train/hr/0513.png
./train/lr/0514.png,./train/hr/0514.png
./train/lr/0515.png,./train/hr/0515.png
./train/lr/0516.png,./train/hr/0516.png
./train/lr/0517.png,./train/hr/0517.png
./train/lr/0518.png,./train/hr/0518.png
./train/lr/0519.png,./train/hr/0519.png
./train/lr/0520.png,./train/hr/0520.png
./train/lr/0521.png,./train/hr/0521.png
./train/lr/0522.png,./train/hr/0522.png
./train/lr/0523.png,./train/hr/0523.png
./train/lr/0524.png,./train/hr/0524.png
./train/lr/0525.png,./train/hr/0525.png
./train/lr/0526.png,./train/hr/0526.png
./train/lr/0527.png,./train/hr/0527.png
./train/lr/0528.png,./train/hr/0528.png
./train/lr/0529.png,./train/hr/0529.png
./train/lr/0530.png,./train/hr/0530.png
./train/lr/0531.png,./train/hr/0531.png
./train/lr/0532.png,./train/hr/0532.png
./train/lr/0533.png,./train/hr/0533.png
./train/lr/0534.png,./train/hr/0534.png
./train/lr/0535.png,./train/hr/0535.png
./train/lr/0536.png,./train/hr/0536.png
./train/lr/0537.png,./train/hr/0537.png
./train/lr/0538.png,./train/hr/0538.png
./train/lr/0539.png,./train/hr/0539.png
./train/lr/0540.png,./train/hr/0540.png
./train/lr/0541.png,./train/hr/0541.png
./train/lr/0542.png,./train/hr/0542.png
./train/lr/0543.png,./train/hr/0543.png
./train/lr/0544.png,./train/hr/0544.png
./train/lr/0545.png,./train/hr/0545.png
./train/lr/0546.png,./train/hr/0546.png
./train/lr/0547.png,./train/hr/0547.png
./train/lr/0548.png,./train/hr/0548.png
./train/lr/0549.png,./train/hr/0549.png
./train/lr/0550.png,./train/hr/0550.png
./train/lr/0551.png,./train/hr/0551.png
./train/lr/0552.png,./train/hr/0552.png
./train/lr/0553.png,./train/hr/0553.png
./train/lr/0554.png,./train/hr/0554.png
./train/lr/0555.png,./train/hr/0555.png
./train/lr/0556.png,./train/hr/0556.png
./train/lr/0557.png,./train/hr/0557.png
./train/lr/0558.png,./train/hr/0558.png
./train/lr/0559.png,./train/hr/0559.png
./train/lr/0560.png,./train/hr/0560.png
./train/lr/0561.png,./train/hr/0561.png
./train/lr/0562.png,./train/hr/0562.png
./train/lr/0563.png,./train/hr/0563.png
./train/lr/0564.png,./train/hr/0564.png
./train/lr/0565.png,./train/hr/0565.png
./train/lr/0566.png,./train/hr/0566.png
./train/lr/0567.png,./train/hr/0567.png
./train/lr/0568.png,./train/hr/0568.png
./train/lr/0569.png,./train/hr/0569.png
./train/lr/0570.png,./train/hr/0570.png
./train/lr/0571.png,./train/hr/0571.png
./train/lr/0572.png,./train/hr/0572.png
./train/lr/0573.png,./train/hr/0573.png
./train/lr/0574.png,./train/hr/0574.png
./train/lr/0575.png,./train/hr/0575.png
./train/lr/0576.png,./train/hr/0576.png
./train/lr/0577.png,./train/hr/0577.png
./train/lr/0578.png,./train/hr/0578.png
./train/lr/0579.png,./train/hr/0579.png
./train/lr/0580.png,./train/hr/0580.png
./train/lr/0581.png,./train/hr/0581.png
./train/lr/0582.png,./train/hr/0582.png
./train/lr/0583.png,./train/hr/0583.png
./train/lr/0584.png,./train/hr/0584.png
./train/lr/0585.png,./train/hr/0585.png
./train/lr/0586.png,./train/hr/0586.png
./train/lr/0587.png,./train/hr/0587.png
./train/lr/0588.png,./train/hr/0588.png
./train/lr/0589.png,./train/hr/0589.png
./train/lr/0590.png,./train/hr/0590.png
./train/lr/0591.png,./train/hr/0591.png
./train/lr/0592.png,./train/hr/0592.png
./train/lr/0593.png,./train/hr/0593.png
./train/lr/0594.png,./train/hr/0594.png
./train/lr/0595.png,./train/hr/0595.png
./train/lr/0596.png,./train/hr/0596.png
./train/lr/0597.png,./train/hr/0597.png
./train/lr/0598.png,./train/hr/0598.png
./train/lr/0599.png,./train/hr/0599.png
./train/lr/0600.png,./train/hr/0600.png
./train/lr/0601.png,./train/hr/0601.png
./train/lr/0602.png,./train/hr/0602.png
./train/lr/0603.png,./train/hr/0603.png
./train/lr/0604.png,./train/hr/0604.png
./train/lr/0605.png,./train/hr/0605.png
./train/lr/0606.png,./train/hr/0606.png
./train/lr/0607.png,./train/hr/0607.png
./train/lr/0608.png,./train/hr/0608.png
./train/lr/0609.png,./train/hr/0609.png
./train/lr/0610.png,./train/hr/0610.png
./train/lr/0611.png,./train/hr/0611.png
./train/lr/0612.png,./train/hr/0612.png
./train/lr/0613.png,./train/hr/0613.png
./train/lr/0614.png,./train/hr/0614.png
./train/lr/0615.png,./train/hr/0615.png
./train/lr/0616.png,./train/hr/0616.png
./train/lr/0617.png,./train/hr/0617.png
./train/lr/0618.png,./train/hr/0618.png
./train/lr/0619.png,./train/hr/0619.png
./train/lr/0620.png,./train/hr/0620.png
./train/lr/0621.png,./train/hr/0621.png
./train/lr/0622.png,./train/hr/0622.png
./train/lr/0623.png,./train/hr/0623.png
./train/lr/0624.png,./train/hr/0624.png
./train/lr/0625.png,./train/hr/0625.png
./train/lr/0626.png,./train/hr/0626.png
./train/lr/0627.png,./train/hr/0627.png
./train/lr/0628.png,./train/hr/0628.png
./train/lr/0629.png,./train/hr/0629.png
./train/lr/0630.png,./train/hr/0630.png
./train/lr/0631.png,./train/hr/0631.png
./train/lr/0632.png,./train/hr/0632.png
./train/lr/0633.png,./train/hr/0633.png
./train/lr/0634.png,./train/hr/0634.png
./train/lr/0635.png,./train/hr/0635.png
./train/lr/0636.png,./train/hr/0636.png
./train/lr/0637.png,./train/hr/0637.png
./train/lr/0638.png,./train/hr/0638.png
./train/lr/0639.png,./train/hr/0639.png
./train/lr/0640.png,./train/hr/0640.png
./train/lr/0641.png,./train/hr/0641.png
./train/lr/0642.png,./train/hr/0642.png
./train/lr/0643.png,./train/hr/0643.png
./train/lr/0644.png,./train/hr/0644.png
./train/lr/0645.png,./train/hr/0645.png
./train/lr/0646.png,./train/hr/0646.png
./train/lr/0647.png,./train/hr/0647.png
./train/lr/0648.png,./train/hr/0648.png
./train/lr/0649.png,./train/hr/0649.png
./train/lr/0650.png,./train/hr/0650.png
./train/lr/0651.png,./train/hr/0651.png
./train/lr/0652.png,./train/hr/0652.png
./train/lr/0653.png,./train/hr/0653.png
./train/lr/0654.png,./train/hr/0654.png
./train/lr/0655.png,./train/hr/0655.png
./train/lr/0656.png,./train/hr/0656.png
./train/lr/0657.png,./train/hr/0657.png
./train/lr/0658.png,./train/hr/0658.png
./train/lr/0659.png,./train/hr/0659.png
./train/lr/0660.png,./train/hr/0660.png
./train/lr/0661.png,./train/hr/0661.png
./train/lr/0662.png,./train/hr/0662.png
./train/lr/0663.png,./train/hr/0663.png
./train/lr/0664.png,./train/hr/0664.png
./train/lr/0665.png,./train/hr/0665.png
./train/lr/0666.png,./train/hr/0666.png
./train/lr/0667.png,./train/hr/0667.png
./train/lr/0668.png,./train/hr/0668.png
./train/lr/0669.png,./train/hr/0669.png
./train/lr/0670.png,./train/hr/0670.png
./train/lr/0671.png,./train/hr/0671.png
./train/lr/0672.png,./train/hr/0672.png
./train/lr/0673.png,./train/hr/0673.png
./train/lr/0674.png,./train/hr/0674.png
./train/lr/0675.png,./train/hr/0675.png
./train/lr/0676.png,./train/hr/0676.png
./train/lr/0677.png,./train/hr/0677.png
./train/lr/0678.png,./train/hr/0678.png
./train/lr/0679.png,./train/hr/0679.png
./train/lr/0680.png,./train/hr/0680.png
./train/lr/0681.png,./train/hr/0681.png
./train/lr/0682.png,./train/hr/0682.png
./train/lr/0683.png,./train/hr/0683.png
./train/lr/0684.png,./train/hr/0684.png
./train/lr/0685.png,./train/hr/0685.png
./train/lr/0686.png,./train/hr/0686.png
./train/lr/0687.png,./train/hr/0687.png
./train/lr/0688.png,./train/hr/0688.png
./train/lr/0689.png,./train/hr/0689.png
./train/lr/0690.png,./train/hr/0690.png
./train/lr/0691.png,./train/hr/0691.png
./train/lr/0692.png,./train/hr/0692.png
./train/lr/0693.png,./train/hr/0693.png
./train/lr/0694.png,./train/hr/0694.png
./train/lr/0695.png,./train/hr/0695.png
./train/lr/0696.png,./train/hr/0696.png
./train/lr/0697.png,./train/hr/0697.png
./train/lr/0698.png,./train/hr/0698.png
./train/lr/0699.png,./train/hr/0699.png
./train/lr/0700.png,./train/hr/0700.png
./train/lr/0701.png,./train/hr/0701.png
./train/lr/0702.png,./train/hr/0702.png
./train/lr/0703.png,./train/hr/0703.png
./train/lr/0704.png,./train/hr/0704.png
./train/lr/0705.png,./train/hr/0705.png
./train/lr/0706.png,./train/hr/0706.png
./train/lr/0707.png,./train/hr/0707.png
./train/lr/0708.png,./train/hr/0708.png
./train/lr/0709.png,./train/hr/0709.png
./train/lr/0710.png,./train/hr/0710.png
./train/lr/0711.png,./train/hr/0711.png
./train/lr/0712.png,./train/hr/0712.png
./train/lr/0713.png,./train/hr/0713.png
./train/lr/0714.png,./train/hr/0714.png
./train/lr/0715.png,./train/hr/0715.png
./train/lr/0716.png,./train/hr/0716.png
./train/lr/0717.png,./train/hr/0717.png
./train/lr/0718.png,./train/hr/0718.png
./train/lr/0719.png,./train/hr/0719.png
./train/lr/0720.png,./train/hr/0720.png
./train/lr/0721.png,./train/hr/0721.png
./train/lr/0722.png,./train/hr/0722.png
./train/lr/0723.png,./train/hr/0723.png
./train/lr/0724.png,./train/hr/0724.png
./train/lr/0725.png,./train/hr/0725.png
./train/lr/0726.png,./train/hr/0726.png
./train/lr/0727.png,./train/hr/0727.png
./train/lr/0728.png,./train/hr/0728.png
./train/lr/0729.png,./train/hr/0729.png
./train/lr/0730.png,./train/hr/0730.png
./train/lr/0731.png,./train/hr/0731.png
./train/lr/0732.png,./train/hr/0732.png
./train/lr/0733.png,./train/hr/0733.png
./train/lr/0734.png,./train/hr/0734.png
./train/lr/0735.png,./train/hr/0735.png
./train/lr/0736.png,./train/hr/0736.png
./train/lr/0737.png,./train/hr/0737.png
./train/lr/0738.png,./train/hr/0738.png
./train/lr/0739.png,./train/hr/0739.png
./train/lr/0740.png,./train/hr/0740.png
./train/lr/0741.png,./train/hr/0741.png
./train/lr/0742.png,./train/hr/0742.png
./train/lr/0743.png,./train/hr/0743.png
./train/lr/0744.png,./train/hr/0744.png
./train/lr/0745.png,./train/hr/0745.png
./train/lr/0746.png,./train/hr/0746.png
./train/lr/0747.png,./train/hr/0747.png
./train/lr/0748.png,./train/hr/0748.png
./train/lr/0749.png,./train/hr/0749.png
./train/lr/0750.png,./train/hr/0750.png
./train/lr/0751.png,./train/hr/0751.png
./train/lr/0752.png,./train/hr/0752.png
./train/lr/0753.png,./train/hr/0753.png
./train/lr/0754.png,./train/hr/0754.png
./train/lr/0755.png,./train/hr/0755.png
./train/lr/0756.png,./train/hr/0756.png
./train/lr/0757.png,./train/hr/0757.png
./train/lr/0758.png,./train/hr/0758.png
./train/lr/0759.png,./train/hr/0759.png
./train/lr/0760.png,./train/hr/0760.png
./train/lr/0761.png,./train/hr/0761.png
./train/lr/0762.png,./train/hr/0762.png
./train/lr/0763.png,./train/hr/0763.png
./train/lr/0764.png,./train/hr/0764.png
./train/lr/0765.png,./train/hr/0765.png
./train/lr/0766.png,./train/hr/0766.png
./train/lr/0767.png,./train/hr/0767.png
./train/lr/0768.png,./train/hr/0768.png
./train/lr/0769.png,./train/hr/0769.png
./train/lr/0770.png,./train/hr/0770.png
./train/lr/0771.png,./train/hr/0771.png
./train/lr/0772.png,./train/hr/0772.png
./train/lr/0773.png,./train/hr/0773.png
./train/lr/0774.png,./train/hr/0774.png
./train/lr/0775.png,./train/hr/0775.png
./train/lr/0776.png,./train/hr/0776.png
./train/lr/0777.png,./train/hr/0777.png
./train/lr/0778.png,./train/hr/0778.png
./train/lr/0779.png,./train/hr/0779.png
./train/lr/0780.png,./train/hr/0780.png
./train/lr/0781.png,./train/hr/0781.png
./train/lr/0782.png,./train/hr/0782.png
./train/lr/0783.png,./train/hr/0783.png
./train/lr/0784.png,./train/hr/0784.png
./train/lr/0785.png,./train/hr/0785.png
./train/lr/0786.png,./train/hr/0786.png
./train/lr/0787.png,./train/hr/0787.png
./train/lr/0788.png,./train/hr/0788.png
./train/lr/0789.png,./train/hr/0789.png
./train/lr/0790.png,./train/hr/0790.png
./train/lr/0791.png,./train/hr/0791.png
./train/lr/0792.png,./train/hr/0792.png
./train/lr/0793.png,./train/hr/0793.png
./train/lr/0794.png,./train/hr/0794.png
./train/lr/0795.png,./train/hr/0795.png
./train/lr/0796.png,./train/hr/0796.png
./train/lr/0797.png,./train/hr/0797.png
./train/lr/0798.png,./train/hr/0798.png
./train/lr/0799.png,./train/hr/0799.png
./train/lr/0800.png,./train/hr/0800.png
./train/lr/0801.png,./train/hr/0801.png
./train/lr/0802.png,./train/hr/0802.png
./train/lr/0803.png,./train/hr/0803.png
./train/lr/0804.png,./train/hr/0804.png
./train/lr/0805.png,./train/hr/0805.png
./train/lr/0806.png,./train/hr/0806.png
./train/lr/0807.png,./train/hr/0807.png
./train/lr/0808.png,./train/hr/0808.png
./train/lr/0809.png,./train/hr/0809.png
./train/lr/0810.png,./train/hr/0810.png
./train/lr/0811.png,./train/hr/0811.png
./train/lr/0812.png,./train/hr/0812.png
./train/lr/0813.png,./train/hr/0813.png
./train/lr/0814.png,./train/hr/0814.png
./train/lr/0815.png,./train/hr/0815.png
./train/lr/0816.png,./train/hr/0816.png
./train/lr/0817.png,./train/hr/0817.png
./train/lr/0818.png,./train/hr/0818.png
./train/lr/0819.png,./train/hr/0819.png
./train/lr/0820.png,./train/hr/0820.png
./train/lr/0821.png,./train/hr/0821.png
./train/lr/0822.png,./train/hr/0822.png
./train/lr/0823.png,./train/hr/0823.png
./train/lr/0824.png,./train/hr/0824.png
./train/lr/0825.png,./train/hr/0825.png
./train/lr/0826.png,./train/hr/0826.png
./train/lr/0827.png,./train/hr/0827.png
./train/lr/0828.png,./train/hr/0828.png
./train/lr/0829.png,./train/hr/0829.png
./train/lr/0830.png,./train/hr/0830.png
./train/lr/0831.png,./train/hr/0831.png
./train/lr/0832.png,./train/hr/0832.png
./train/lr/0833.png,./train/hr/0833.png
./train/lr/0834.png,./train/hr/0834.png
./train/lr/0835.png,./train/hr/0835.png
./train/lr/0836.png,./train/hr/0836.png
./train/lr/0837.png,./train/hr/0837.png
./train/lr/0838.png,./train/hr/0838.png
./train/lr/0839.png,./train/hr/0839.png
./train/lr/0840.png,./train/hr/0840.png
./train/lr/0841.png,./train/hr/0841.png
./train/lr/0842.png,./train/hr/0842.png
./train/lr/0843.png,./train/hr/0843.png
./train/lr/0844.png,./train/hr/0844.png
./train/lr/0845.png,./train/hr/0845.png
./train/lr/0846.png,./train/hr/0846.png
./train/lr/0847.png,./train/hr/0847.png
./train/lr/0848.png,./train/hr/0848.png
./train/lr/0849.png,./train/hr/0849.png
./train/lr/0850.png,./train/hr/0850.png
./train/lr/0851.png,./train/hr/0851.png
./train/lr/0852.png,./train/hr/0852.png
./train/lr/0853.png,./train/hr/0853.png
./train/lr/0854.png,./train/hr/0854.png
./train/lr/0855.png,./train/hr/0855.png
./train/lr/0856.png,./train/hr/0856.png
./train/lr/0857.png,./train/hr/0857.png
./train/lr/0858.png,./train/hr/0858.png
./train/lr/0859.png,./train/hr/0859.png
./train/lr/0860.png,./train/hr/0860.png
./train/lr/0861.png,./train/hr/0861.png
./train/lr/0862.png,./train/hr/0862.png
./train/lr/0863.png,./train/hr/0863.png
./train/lr/0864.png,./train/hr/0864.png
./train/lr/0865.png,./train/hr/0865.png
./train/lr/0866.png,./train/hr/0866.png
./train/lr/0867.png,./train/hr/0867.png
./train/lr/0868.png,./train/hr/0868.png
./train/lr/0869.png,./train/hr/0869.png
./train/lr/0870.png,./train/hr/0870.png
./train/lr/0871.png,./train/hr/0871.png
./train/lr/0872.png,./train/hr/0872.png
./train/lr/0873.png,./train/hr/0873.png
./train/lr/0874.png,./train/hr/0874.png
./train/lr/0875.png,./train/hr/0875.png
./train/lr/0876.png,./train/hr/0876.png
./train/lr/0877.png,./train/hr/0877.png
./train/lr/0878.png,./train/hr/0878.png
./train/lr/0879.png,./train/hr/0879.png
./train/lr/0880.png,./train/hr/0880.png
./train/lr/0881.png,./train/hr/0881.png
./train/lr/0882.png,./train/hr/0882.png
./train/lr/0883.png,./train/hr/0883.png
./train/lr/0884.png,./train/hr/0884.png
./train/lr/0885.png,./train/hr/0885.png
./train/lr/0886.png,./train/hr/0886.png
./train/lr/0887.png,./train/hr/0887.png
./train/lr/0888.png,./train/hr/0888.png
./train/lr/0889.png,./train/hr/0889.png
./train/lr/0890.png,./train/hr/0890.png
./train/lr/0891.png,./train/hr/0891.png
./train/lr/0892.png,./train/hr/0892.png
./train/lr/0893.png,./train/hr/0893.png
./train/lr/0894.png,./train/hr/0894.png
./train/lr/0895.png,./train/hr/0895.png
./train/lr/0896.png,./train/hr/0896.png
./train/lr/0897.png,./train/hr/0897.png
./train/lr/0898.png,./train/hr/0898.png
./train/lr/0899.png,./train/hr/0899.png
./train/lr/0900.png,./train/hr/0900.png
./train/lr/0901.png,./train/hr/0901.png
./train/lr/0902.png,./train/hr/0902.png
./train/lr/0903.png,./train/hr/0903.png
./train/lr/0904.png,./train/hr/0904.png
./train/lr/0905.png,./train/hr/0905.png
./train/lr/0906.png,./train/hr/0906.png
./train/lr/0907.png,./train/hr/0907.png
./train/lr/0908.png,./train/hr/0908.png
./train/lr/0909.png,./train/hr/0909.png
./train/lr/0910.png,./train/hr/0910.png
./train/lr/0911.png,./train/hr/0911.png
./train/lr/0912.png,./train/hr/0912.png
./train/lr/0913.png,./train/hr/0913.png
./train/lr/0914.png,./train/hr/0914.png
./train/lr/0915.png,./train/hr/0915.png
./train/lr/0916.png,./train/hr/0916.png
./train/lr/0917.png,./train/hr/0917.png
./train/lr/0918.png,./train/hr/0918.png
./train/lr/0919.png,./train/hr/0919.png
./train/lr/0920.png,./train/hr/0920.png
./train/lr/0921.png,./train/hr/0921.png
./train/lr/0922.png,./train/hr/0922.png
./train/lr/0923.png,./train/hr/0923.png
./train/lr/0924.png,./train/hr/0924.png
./train/lr/0925.png,./train/hr/0925.png
./train/lr/0926.png,./train/hr/0926.png
./train/lr/0927.png,./train/hr/0927.png
./train/lr/0928.png,./train/hr/0928.png
./train/lr/0929.png,./train/hr/0929.png
./train/lr/0930.png,./train/hr/0930.png
./train/lr/0931.png,./train/hr/0931.png
./train/lr/0932.png,./train/hr/0932.png
./train/lr/0933.png,./train/hr/0933.png
./train/lr/0934.png,./train/hr/0934.png
./train/lr/0935.png,./train/hr/0935.png
./train/lr/0936.png,./train/hr/0936.png
./train/lr/0937.png,./train/hr/0937.png
./train/lr/0938.png,./train/hr/0938.png
./train/lr/0939.png,./train/hr/0939.png
./train/lr/0940.png,./train/hr/0940.png
./train/lr/0941.png,./train/hr/0941.png
./train/lr/0942.png,./train/hr/0942.png
./train/lr/0943.png,./train/hr/0943.png
./train/lr/0944.png,./train/hr/0944.png
./train/lr/0945.png,./train/hr/0945.png
./train/lr/0946.png,./train/hr/0946.png
./train/lr/0947.png,./train/hr/0947.png
./train/lr/0948.png,./train/hr/0948.png
./train/lr/0949.png,./train/hr/0949.png
./train/lr/0950.png,./train/hr/0950.png
./train/lr/0951.png,./train/hr/0951.png
./train/lr/0952.png,./train/hr/0952.png
./train/lr/0953.png,./train/hr/0953.png
./train/lr/0954.png,./train/hr/0954.png
./train/lr/0955.png,./train/hr/0955.png
./train/lr/0956.png,./train/hr/0956.png
./train/lr/0957.png,./train/hr/0957.png
./train/lr/0958.png,./train/hr/0958.png
./train/lr/0959.png,./train/hr/0959.png
./train/lr/0960.png,./train/hr/0960.png
./train/lr/0961.png,./train/hr/0961.png
./train/lr/0962.png,./train/hr/0962.png
./train/lr/0963.png,./train/hr/0963.png
./train/lr/0964.png,./train/hr/0964.png
./train/lr/0965.png,./train/hr/0965.png
./train/lr/0966.png,./train/hr/0966.png
./train/lr/0967.png,./train/hr/0967.png
./train/lr/0968.png,./train/hr/0968.png
./train/lr/0969.png,./train/hr/0969.png
./train/lr/0970.png,./train/hr/0970.png
./train/lr/0971.png,./train/hr/0971.png
./train/lr/0972.png,./train/hr/0972.png
./train/lr/0973.png,./train/hr/0973.png
./train/lr/0974.png,./train/hr/0974.png
./train/lr/0975.png,./train/hr/0975.png
./train/lr/0976.png,./train/hr/0976.png
./train/lr/0977.png,./train/hr/0977.png
./train/lr/0978.png,./train/hr/0978.png
./train/lr/0979.png,./train/hr/0979.png
./train/lr/0980.png,./train/hr/0980.png
./train/lr/0981.png,./train/hr/0981.png
./train/lr/0982.png,./train/hr/0982.png
./train/lr/0983.png,./train/hr/0983.png
./train/lr/0984.png,./train/hr/0984.png
./train/lr/0985.png,./train/hr/0985.png
./train/lr/0986.png,./train/hr/0986.png
./train/lr/0987.png,./train/hr/0987.png
./train/lr/0988.png,./train/hr/0988.png
./train/lr/0989.png,./train/hr/0989.png
./train/lr/0990.png,./train/hr/0990.png
./train/lr/0991.png,./train/hr/0991.png
./train/lr/0992.png,./train/hr/0992.png
./train/lr/0993.png,./train/hr/0993.png
./train/lr/0994.png,./train/hr/0994.png
./train/lr/0995.png,./train/hr/0995.png
./train/lr/0996.png,./train/hr/0996.png
./train/lr/0997.png,./train/hr/0997.png
./train/lr/0998.png,./train/hr/0998.png
./train/lr/0999.png,./train/hr/0999.png
./train/lr/1000.png,./train/hr/1000.png
./train/lr/1001.png,./train/hr/1001.png
./train/lr/1002.png,./train/hr/1002.png
./train/lr/1003.png,./train/hr/1003.png
./train/lr/1004.png,./train/hr/1004.png
./train/lr/1005.png,./train/hr/1005.png
./train/lr/1006.png,./train/hr/1006.png
./train/lr/1007.png,./train/hr/1007.png
./train/lr/1008.png,./train/hr/1008.png
./train/lr/1009.png,./train/hr/1009.png
./train/lr/1010.png,./train/hr/1010.png
./train/lr/1011.png,./train/hr/1011.png
./train/lr/1012.png,./train/hr/1012.png
./train/lr/1013.png,./train/hr/1013.png
./train/lr/1014.png,./train/hr/1014.png
./train/lr/1015.png,./train/hr/1015.png
./train/lr/1016.png,./train/hr/1016.png
./train/lr/1017.png,./train/hr/1017.png
./train/lr/1018.png,./train/hr/1018.png
./train/lr/1019.png,./train/hr/1019.png
./train/lr/1020.png,./train/hr/1020.png
./train/lr/1021.png,./train/hr/1021.png
./train/lr/1022.png,./train/hr/1022.png
./train/lr/1023.png,./train/hr/1023.png
./train/lr/1024.png,./train/hr/1024.png
./train/lr/1025.png,./train/hr/1025.png
./train/lr/1026.png,./train/hr/1026.png
./train/lr/1027.png,./train/hr/1027.png
./train/lr/1028.png,./train/hr/1028.png
./train/lr/1029.png,./train/hr/1029.png
./train/lr/1030.png,./train/hr/1030.png
./train/lr/1031.png,./train/hr/1031.png
./train/lr/1032.png,./train/hr/1032.png
./train/lr/1033.png,./train/hr/1033.png
./train/lr/1034.png,./train/hr/1034.png
./train/lr/1035.png,./train/hr/1035.png
./train/lr/1036.png,./train/hr/1036.png
./train/lr/1037.png,./train/hr/1037.png
./train/lr/1038.png,./train/hr/1038.png
./train/lr/1039.png,./train/hr/1039.png
./train/lr/1040.png,./train/hr/1040.png
./train/lr/1041.png,./train/hr/1041.png
./train/lr/1042.png,./train/hr/1042.png
./train/lr/1043.png,./train/hr/1043.png
./train/lr/1044.png,./train/hr/1044.png
./train/lr/1045.png,./train/hr/1045.png
./train/lr/1046.png,./train/hr/1046.png
./train/lr/1047.png,./train/hr/1047.png
./train/lr/1048.png,./train/hr/1048.png
./train/lr/1049.png,./train/hr/1049.png
./train/lr/1050.png,./train/hr/1050.png
./train/lr/1051.png,./train/hr/1051.png
./train/lr/1052.png,./train/hr/1052.png
./train/lr/1053.png,./train/hr/1053.png
./train/lr/1054.png,./train/hr/1054.png
./train/lr/1055.png,./train/hr/1055.png
./train/lr/1056.png,./train/hr/1056.png
./train/lr/1057.png,./train/hr/1057.png
./train/lr/1058.png,./train/hr/1058.png
./train/lr/1059.png,./train/hr/1059.png
./train/lr/1060.png,./train/hr/1060.png
./train/lr/1061.png,./train/hr/1061.png
./train/lr/1062.png,./train/hr/1062.png
./train/lr/1063.png,./train/hr/1063.png
./train/lr/1064.png,./train/hr/1064.png
./train/lr/1065.png,./train/hr/1065.png
./train/lr/1066.png,./train/hr/1066.png
./train/lr/1067.png,./train/hr/1067.png
./train/lr/1068.png,./train/hr/1068.png
./train/lr/1069.png,./train/hr/1069.png
./train/lr/1070.png,./train/hr/1070.png
./train/lr/1071.png,./train/hr/1071.png
./train/lr/1072.png,./train/hr/1072.png
./train/lr/1073.png,./train/hr/1073.png
./train/lr/1074.png,./train/hr/1074.png
./train/lr/1075.png,./train/hr/1075.png
./train/lr/1076.png,./train/hr/1076.png
./train/lr/1077.png,./train/hr/1077.png
./train/lr/1078.png,./train/hr/1078.png
./train/lr/1079.png,./train/hr/1079.png
./train/lr/1080.png,./train/hr/1080.png
./train/lr/1081.png,./train/hr/1081.png
./train/lr/1082.png,./train/hr/1082.png
./train/lr/1083.png,./train/hr/1083.png
./train/lr/1084.png,./train/hr/1084.png
./train/lr/1085.png,./train/hr/1085.png
./train/lr/1086.png,./train/hr/1086.png
./train/lr/1087.png,./train/hr/1087.png
./train/lr/1088.png,./train/hr/1088.png
./train/lr/1089.png,./train/hr/1089.png
./train/lr/1090.png,./train/hr/1090.png
./train/lr/1091.png,./train/hr/1091.png
./train/lr/1092.png,./train/hr/1092.png
./train/lr/1093.png,./train/hr/1093.png
./train/lr/1094.png,./train/hr/1094.png
./train/lr/1095.png,./train/hr/1095.png
./train/lr/1096.png,./train/hr/1096.png
./train/lr/1097.png,./train/hr/1097.png
./train/lr/1098.png,./train/hr/1098.png
./train/lr/1099.png,./train/hr/1099.png
./train/lr/1100.png,./train/hr/1100.png
./train/lr/1101.png,./train/hr/1101.png
./train/lr/1102.png,./train/hr/1102.png
./train/lr/1103.png,./train/hr/1103.png
./train/lr/1104.png,./train/hr/1104.png
./train/lr/1105.png,./train/hr/1105.png
./train/lr/1106.png,./train/hr/1106.png
./train/lr/1107.png,./train/hr/1107.png
./train/lr/1108.png,./train/hr/1108.png
./train/lr/1109.png,./train/hr/1109.png
./train/lr/1110.png,./train/hr/1110.png
./train/lr/1111.png,./train/hr/1111.png
./train/lr/1112.png,./train/hr/1112.png
./train/lr/1113.png,./train/hr/1113.png
./train/lr/1114.png,./train/hr/1114.png
./train/lr/1115.png,./train/hr/1115.png
./train/lr/1116.png,./train/hr/1116.png
./train/lr/1117.png,./train/hr/1117.png
./train/lr/1118.png,./train/hr/1118.png
./train/lr/1119.png,./train/hr/1119.png
./train/lr/1120.png,./train/hr/1120.png
./train/lr/1121.png,./train/hr/1121.png
./train/lr/1122.png,./train/hr/1122.png
./train/lr/1123.png,./train/hr/1123.png
./train/lr/1124.png,./train/hr/1124.png
./train/lr/1125.png,./train/hr/1125.png
./train/lr/1126.png,./train/hr/1126.png
./train/lr/1127.png,./train/hr/1127.png
./train/lr/1128.png,./train/hr/1128.png
./train/lr/1129.png,./train/hr/1129.png
./train/lr/1130.png,./train/hr/1130.png
./train/lr/1131.png,./train/hr/1131.png
./train/lr/1132.png,./train/hr/1132.png
./train/lr/1133.png,./train/hr/1133.png
./train/lr/1134.png,./train/hr/1134.png
./train/lr/1135.png,./train/hr/1135.png
./train/lr/1136.png,./train/hr/1136.png
./train/lr/1137.png,./train/hr/1137.png
./train/lr/1138.png,./train/hr/1138.png
./train/lr/1139.png,./train/hr/1139.png
./train/lr/1140.png,./train/hr/1140.png
./train/lr/1141.png,./train/hr/1141.png
./train/lr/1142.png,./train/hr/1142.png
./train/lr/1143.png,./train/hr/1143.png
./train/lr/1144.png,./train/hr/1144.png
./train/lr/1145.png,./train/hr/1145.png
./train/lr/1146.png,./train/hr/1146.png
./train/lr/1147.png,./train/hr/1147.png
./train/lr/1148.png,./train/hr/1148.png
./train/lr/1149.png,./train/hr/1149.png
./train/lr/1150.png,./train/hr/1150.png
./train/lr/1151.png,./train/hr/1151.png
./train/lr/1152.png,./train/hr/1152.png
./train/lr/1153.png,./train/hr/1153.png
./train/lr/1154.png,./train/hr/1154.png
./train/lr/1155.png,./train/hr/1155.png
./train/lr/1156.png,./train/hr/1156.png
./train/lr/1157.png,./train/hr/1157.png
./train/lr/1158.png,./train/hr/1158.png
./train/lr/1159.png,./train/hr/1159.png
./train/lr/1160.png,./train/hr/1160.png
./train/lr/1161.png,./train/hr/1161.png
./train/lr/1162.png,./train/hr/1162.png
./train/lr/1163.png,./train/hr/1163.png
./train/lr/1164.png,./train/hr/1164.png
./train/lr/1165.png,./train/hr/1165.png
./train/lr/1166.png,./train/hr/1166.png
./train/lr/1167.png,./train/hr/1167.png
./train/lr/1168.png,./train/hr/1168.png
./train/lr/1169.png,./train/hr/1169.png
./train/lr/1170.png,./train/hr/1170.png
./train/lr/1171.png,./train/hr/1171.png
./train/lr/1172.png,./train/hr/1172.png
./train/lr/1173.png,./train/hr/1173.png
./train/lr/1174.png,./train/hr/1174.png
./train/lr/1175.png,./train/hr/1175.png
./train/lr/1176.png,./train/hr/1176.png
./train/lr/1177.png,./train/hr/1177.png
./train/lr/1178.png,./train/hr/1178.png
./train/lr/1179.png,./train/hr/1179.png
./train/lr/1180.png,./train/hr/1180.png
./train/lr/1181.png,./train/hr/1181.png
./train/lr/1182.png,./train/hr/1182.png
./train/lr/1183.png,./train/hr/1183.png
./train/lr/1184.png,./train/hr/1184.png
./train/lr/1185.png,./train/hr/1185.png
./train/lr/1186.png,./train/hr/1186.png
./train/lr/1187.png,./train/hr/1187.png
./train/lr/1188.png,./train/hr/1188.png
./train/lr/1189.png,./train/hr/1189.png
./train/lr/1190.png,./train/hr/1190.png
./train/lr/1191.png,./train/hr/1191.png
./train/lr/1192.png,./train/hr/1192.png
./train/lr/1193.png,./train/hr/1193.png
./train/lr/1194.png,./train/hr/1194.png
./train/lr/1195.png,./train/hr/1195.png
./train/lr/1196.png,./train/hr/1196.png
./train/lr/1197.png,./train/hr/1197.png
./train/lr/1198.png,./train/hr/1198.png
./train/lr/1199.png,./train/hr/1199.png
./train/lr/1200.png,./train/hr/1200.png
./train/lr/1201.png,./train/hr/1201.png
./train/lr/1202.png,./train/hr/1202.png
./train/lr/1203.png,./train/hr/1203.png
./train/lr/1204.png,./train/hr/1204.png
./train/lr/1205.png,./train/hr/1205.png
./train/lr/1206.png,./train/hr/1206.png
./train/lr/1207.png,./train/hr/1207.png
./train/lr/1208.png,./train/hr/1208.png
./train/lr/1209.png,./train/hr/1209.png
./train/lr/1210.png,./train/hr/1210.png
./train/lr/1211.png,./train/hr/1211.png
./train/lr/1212.png,./train/hr/1212.png
./train/lr/1213.png,./train/hr/1213.png
./train/lr/1214.png,./train/hr/1214.png
./train/lr/1215.png,./train/hr/1215.png
./train/lr/1216.png,./train/hr/1216.png
./train/lr/1217.png,./train/hr/1217.png
./train/lr/1218.png,./train/hr/1218.png
./train/lr/1219.png,./train/hr/1219.png
./train/lr/1220.png,./train/hr/1220.png
./train/lr/1221.png,./train/hr/1221.png
./train/lr/1222.png,./train/hr/1222.png
./train/lr/1223.png,./train/hr/1223.png
./train/lr/1224.png,./train/hr/1224.png
./train/lr/1225.png,./train/hr/1225.png
./train/lr/1226.png,./train/hr/1226.png
./train/lr/1227.png,./train/hr/1227.png
./train/lr/1228.png,./train/hr/1228.png
./train/lr/1229.png,./train/hr/1229.png
./train/lr/1230.png,./train/hr/1230.png
./train/lr/1231.png,./train/hr/1231.png
./train/lr/1232.png,./train/hr/1232.png
./train/lr/1233.png,./train/hr/1233.png
./train/lr/1234.png,./train/hr/1234.png
./train/lr/1235.png,./train/hr/1235.png
./train/lr/1236.png,./train/hr/1236.png
./train/lr/1237.png,./train/hr/1237.png
./train/lr/1238.png,./train/hr/1238.png
./train/lr/1239.png,./train/hr/1239.png
./train/lr/1240.png,./train/hr/1240.png
./train/lr/1241.png,./train/hr/1241.png
./train/lr/1242.png,./train/hr/1242.png
./train/lr/1243.png,./train/hr/1243.png
./train/lr/1244.png,./train/hr/1244.png
./train/lr/1245.png,./train/hr/1245.png
./train/lr/1246.png,./train/hr/1246.png
./train/lr/1247.png,./train/hr/1247.png
./train/lr/1248.png,./train/hr/1248.png
./train/lr/1249.png,./train/hr/1249.png
./train/lr/1250.png,./train/hr/1250.png
./train/lr/1251.png,./train/hr/1251.png
./train/lr/1252.png,./train/hr/1252.png
./train/lr/1253.png,./train/hr/1253.png
./train/lr/1254.png,./train/hr/1254.png
./train/lr/1255.png,./train/hr/1255.png
./train/lr/1256.png,./train/hr/1256.png
./train/lr/1257.png,./train/hr/1257.png
./train/lr/1258.png,./train/hr/1258.png
./train/lr/1259.png,./train/hr/1259.png
./train/lr/1260.png,./train/hr/1260.png
./train/lr/1261.png,./train/hr/1261.png
./train/lr/1262.png,./train/hr/1262.png
./train/lr/1263.png,./train/hr/1263.png
./train/lr/1264.png,./train/hr/1264.png
./train/lr/1265.png,./train/hr/1265.png
./train/lr/1266.png,./train/hr/1266.png
./train/lr/1267.png,./train/hr/1267.png
./train/lr/1268.png,./train/hr/1268.png
./train/lr/1269.png,./train/hr/1269.png
./train/lr/1270.png,./train/hr/1270.png
./train/lr/1271.png,./train/hr/1271.png
./train/lr/1272.png,./train/hr/1272.png
./train/lr/1273.png,./train/hr/1273.png
./train/lr/1274.png,./train/hr/1274.png
./train/lr/1275.png,./train/hr/1275.png
./train/lr/1276.png,./train/hr/1276.png
./train/lr/1277.png,./train/hr/1277.png
./train/lr/1278.png,./train/hr/1278.png
./train/lr/1279.png,./train/hr/1279.png
./train/lr/1280.png,./train/hr/1280.png
./train/lr/1281.png,./train/hr/1281.png
./train/lr/1282.png,./train/hr/1282.png
./train/lr/1283.png,./train/hr/1283.png
./train/lr/1284.png,./train/hr/1284.png
./train/lr/1285.png,./train/hr/1285.png
./train/lr/1286.png,./train/hr/1286.png
./train/lr/1287.png,./train/hr/1287.png
./train/lr/1288.png,./train/hr/1288.png
./train/lr/1289.png,./train/hr/1289.png
./train/lr/1290.png,./train/hr/1290.png
./train/lr/1291.png,./train/hr/1291.png
./train/lr/1292.png,./train/hr/1292.png
./train/lr/1293.png,./train/hr/1293.png
./train/lr/1294.png,./train/hr/1294.png
./train/lr/1295.png,./train/hr/1295.png
./train/lr/1296.png,./train/hr/1296.png
./train/lr/1297.png,./train/hr/1297.png
./train/lr/1298.png,./train/hr/1298.png
./train/lr/1299.png,./train/hr/1299.png
./train/lr/1300.png,./train/hr/1300.png
./train/lr/1301.png,./train/hr/1301.png
./train/lr/1302.png,./train/hr/1302.png
./train/lr/1303.png,./train/hr/1303.png
./train/lr/1304.png,./train/hr/1304.png
./train/lr/1305.png,./train/hr/1305.png
./train/lr/1306.png,./train/hr/1306.png
./train/lr/1307.png,./train/hr/1307.png
./train/lr/1308.png,./train/hr/1308.png
./train/lr/1309.png,./train/hr/1309.png
./train/lr/1310.png,./train/hr/1310.png
./train/lr/1311.png,./train/hr/1311.png
./train/lr/1312.png,./train/hr/1312.png
./train/lr/1313.png,./train/hr/1313.png
./train/lr/1314.png,./train/hr/1314.png
./train/lr/1315.png,./train/hr/1315.png
./train/lr/1316.png,./train/hr/1316.png
./train/lr/1317.png,./train/hr/1317.png
./train/lr/1318.png,./train/hr/1318.png
./train/lr/1319.png,./train/hr/1319.png
./train/lr/1320.png,./train/hr/1320.png
./train/lr/1321.png,./train/hr/1321.png
./train/lr/1322.png,./train/hr/1322.png
./train/lr/1323.png,./train/hr/1323.png
./train/lr/1324.png,./train/hr/1324.png
./train/lr/1325.png,./train/hr/1325.png
./train/lr/1326.png,./train/hr/1326.png
./train/lr/1327.png,./train/hr/1327.png
./train/lr/1328.png,./train/hr/1328.png
./train/lr/1329.png,./train/hr/1329.png
./train/lr/1330.png,./train/hr/1330.png
./train/lr/1331.png,./train/hr/1331.png
./train/lr/1332.png,./train/hr/1332.png
./train/lr/1333.png,./train/hr/1333.png
./train/lr/1334.png,./train/hr/1334.png
./train/lr/1335.png,./train/hr/1335.png
./train/lr/1336.png,./train/hr/1336.png
./train/lr/1337.png,./train/hr/1337.png
./train/lr/1338.png,./train/hr/1338.png
./train/lr/1339.png,./train/hr/1339.png
./train/lr/1340.png,./train/hr/1340.png
./train/lr/1341.png,./train/hr/1341.png
./train/lr/1342.png,./train/hr/1342.png
./train/lr/1343.png,./train/hr/1343.png
./train/lr/1344.png,./train/hr/1344.png
./train/lr/1345.png,./train/hr/1345.png
./train/lr/1346.png,./train/hr/1346.png
./train/lr/1347.png,./train/hr/1347.png
./train/lr/1348.png,./train/hr/1348.png
./train/lr/1349.png,./train/hr/1349.png
./train/lr/1350.png,./train/hr/1350.png
./train/lr/1351.png,./train/hr/1351.png
./train/lr/1352.png,./train/hr/1352.png
./train/lr/1353.png,./train/hr/1353.png
./train/lr/1354.png,./train/hr/1354.png
./train/lr/1355.png,./train/hr/1355.png
./train/lr/1356.png,./train/hr/1356.png
./train/lr/1357.png,./train/hr/1357.png
./train/lr/1358.png,./train/hr/1358.png
./train/lr/1359.png,./train/hr/1359.png
./train/lr/1360.png,./train/hr/1360.png
./train/lr/1361.png,./train/hr/1361.png
./train/lr/1362.png,./train/hr/1362.png
./train/lr/1363.png,./train/hr/1363.png
./train/lr/1364.png,./train/hr/1364.png
./train/lr/1365.png,./train/hr/1365.png
./train/lr/1366.png,./train/hr/1366.png
./train/lr/1367.png,./train/hr/1367.png
./train/lr/1368.png,./train/hr/1368.png
./train/lr/1369.png,./train/hr/1369.png
./train/lr/1370.png,./train/hr/1370.png
./train/lr/1371.png,./train/hr/1371.png
./train/lr/1372.png,./train/hr/1372.png
./train/lr/1373.png,./train/hr/1373.png
./train/lr/1374.png,./train/hr/1374.png
./train/lr/1375.png,./train/hr/1375.png
./train/lr/1376.png,./train/hr/1376.png
./train/lr/1377.png,./train/hr/1377.png
./train/lr/1378.png,./train/hr/1378.png
./train/lr/1379.png,./train/hr/1379.png
./train/lr/1380.png,./train/hr/1380.png
./train/lr/1381.png,./train/hr/1381.png
./train/lr/1382.png,./train/hr/1382.png
./train/lr/1383.png,./train/hr/1383.png
./train/lr/1384.png,./train/hr/1384.png
./train/lr/1385.png,./train/hr/1385.png
./train/lr/1386.png,./train/hr/1386.png
./train/lr/1387.png,./train/hr/1387.png
./train/lr/1388.png,./train/hr/1388.png
./train/lr/1389.png,./train/hr/1389.png
./train/lr/1390.png,./train/hr/1390.png
./train/lr/1391.png,./train/hr/1391.png
./train/lr/1392.png,./train/hr/1392.png
./train/lr/1393.png,./train/hr/1393.png
./train/lr/1394.png,./train/hr/1394.png
./train/lr/1395.png,./train/hr/1395.png
./train/lr/1396.png,./train/hr/1396.png
./train/lr/1397.png,./train/hr/1397.png
./train/lr/1398.png,./train/hr/1398.png
./train/lr/1399.png,./train/hr/1399.png
./train/lr/1400.png,./train/hr/1400.png
./train/lr/1401.png,./train/hr/1401.png
./train/lr/1402.png,./train/hr/1402.png
./train/lr/1403.png,./train/hr/1403.png
./train/lr/1404.png,./train/hr/1404.png
./train/lr/1405.png,./train/hr/1405.png
./train/lr/1406.png,./train/hr/1406.png
./train/lr/1407.png,./train/hr/1407.png
./train/lr/1408.png,./train/hr/1408.png
./train/lr/1409.png,./train/hr/1409.png
./train/lr/1410.png,./train/hr/1410.png
./train/lr/1411.png,./train/hr/1411.png
./train/lr/1412.png,./train/hr/1412.png
./train/lr/1413.png,./train/hr/1413.png
./train/lr/1414.png,./train/hr/1414.png
./train/lr/1415.png,./train/hr/1415.png
./train/lr/1416.png,./train/hr/1416.png
./train/lr/1417.png,./train/hr/1417.png
./train/lr/1418.png,./train/hr/1418.png
./train/lr/1419.png,./train/hr/1419.png
./train/lr/1420.png,./train/hr/1420.png
./train/lr/1421.png,./train/hr/1421.png
./train/lr/1422.png,./train/hr/1422.png
./train/lr/1423.png,./train/hr/1423.png
./train/lr/1424.png,./train/hr/1424.png
./train/lr/1425.png,./train/hr/1425.png
./train/lr/1426.png,./train/hr/1426.png
./train/lr/1427.png,./train/hr/1427.png
./train/lr/1428.png,./train/hr/1428.png
./train/lr/1429.png,./train/hr/1429.png
./train/lr/1430.png,./train/hr/1430.png
./train/lr/1431.png,./train/hr/1431.png
./train/lr/1432.png,./train/hr/1432.png
./train/lr/1433.png,./train/hr/1433.png
./train/lr/1434.png,./train/hr/1434.png
./train/lr/1435.png,./train/hr/1435.png
./train/lr/1436.png,./train/hr/1436.png
./train/lr/1437.png,./train/hr/1437.png
./train/lr/1438.png,./train/hr/1438.png
./train/lr/1439.png,./train/hr/1439.png
./train/lr/1440.png,./train/hr/1440.png
./train/lr/1441.png,./train/hr/1441.png
./train/lr/1442.png,./train/hr/1442.png
./train/lr/1443.png,./train/hr/1443.png
./train/lr/1444.png,./train/hr/1444.png
./train/lr/1445.png,./train/hr/1445.png
./train/lr/1446.png,./train/hr/1446.png
./train/lr/1447.png,./train/hr/1447.png
./train/lr/1448.png,./train/hr/1448.png
./train/lr/1449.png,./train/hr/1449.png
./train/lr/1450.png,./train/hr/1450.png
./train/lr/1451.png,./train/hr/1451.png
./train/lr/1452.png,./train/hr/1452.png
./train/lr/1453.png,./train/hr/1453.png
./train/lr/1454.png,./train/hr/1454.png
./train/lr/1455.png,./train/hr/1455.png
./train/lr/1456.png,./train/hr/1456.png
./train/lr/1457.png,./train/hr/1457.png
./train/lr/1458.png,./train/hr/1458.png
./train/lr/1459.png,./train/hr/1459.png
./train/lr/1460.png,./train/hr/1460.png
./train/lr/1461.png,./train/hr/1461.png
./train/lr/1462.png,./train/hr/1462.png
./train/lr/1463.png,./train/hr/1463.png
./train/lr/1464.png,./train/hr/1464.png
./train/lr/1465.png,./train/hr/1465.png
./train/lr/1466.png,./train/hr/1466.png
./train/lr/1467.png,./train/hr/1467.png
./train/lr/1468.png,./train/hr/1468.png
./train/lr/1469.png,./train/hr/1469.png
./train/lr/1470.png,./train/hr/1470.png
./train/lr/1471.png,./train/hr/1471.png
./train/lr/1472.png,./train/hr/1472.png
./train/lr/1473.png,./train/hr/1473.png
./train/lr/1474.png,./train/hr/1474.png
./train/lr/1475.png,./train/hr/1475.png
./train/lr/1476.png,./train/hr/1476.png
./train/lr/1477.png,./train/hr/1477.png
./train/lr/1478.png,./train/hr/1478.png
./train/lr/1479.png,./train/hr/1479.png
./train/lr/1480.png,./train/hr/1480.png
./train/lr/1481.png,./train/hr/1481.png
./train/lr/1482.png,./train/hr/1482.png
./train/lr/1483.png,./train/hr/1483.png
./train/lr/1484.png,./train/hr/1484.png
./train/lr/1485.png,./train/hr/1485.png
./train/lr/1486.png,./train/hr/1486.png
./train/lr/1487.png,./train/hr/1487.png
./train/lr/1488.png,./train/hr/1488.png
./train/lr/1489.png,./train/hr/1489.png
./train/lr/1490.png,./train/hr/1490.png
./train/lr/1491.png,./train/hr/1491.png
./train/lr/1492.png,./train/hr/1492.png
./train/lr/1493.png,./train/hr/1493.png
./train/lr/1494.png,./train/hr/1494.png
./train/lr/1495.png,./train/hr/1495.png
./train/lr/1496.png,./train/hr/1496.png
./train/lr/1497.png,./train/hr/1497.png
./train/lr/1498.png,./train/hr/1498.png
./train/lr/1499.png,./train/hr/1499.png
./train/lr/1500.png,./train/hr/1500.png
./train/lr/1501.png,./train/hr/1501.png
./train/lr/1502.png,./train/hr/1502.png
./train/lr/1503.png,./train/hr/1503.png
./train/lr/1504.png,./train/hr/1504.png
./train/lr/1505.png,./train/hr/1505.png
./train/lr/1506.png,./train/hr/1506.png
./train/lr/1507.png,./train/hr/1507.png
./train/lr/1508.png,./train/hr/1508.png
./train/lr/1509.png,./train/hr/1509.png
./train/lr/1510.png,./train/hr/1510.png
./train/lr/1511.png,./train/hr/1511.png
./train/lr/1512.png,./train/hr/1512.png
./train/lr/1513.png,./train/hr/1513.png
./train/lr/1514.png,./train/hr/1514.png
./train/lr/1515.png,./train/hr/1515.png
./train/lr/1516.png,./train/hr/1516.png
./train/lr/1517.png,./train/hr/1517.png
./train/lr/1518.png,./train/hr/1518.png
./train/lr/1519.png,./train/hr/1519.png
./train/lr/1520.png,./train/hr/1520.png
./train/lr/1521.png,./train/hr/1521.png
./train/lr/1522.png,./train/hr/1522.png
./train/lr/1523.png,./train/hr/1523.png
./train/lr/1524.png,./train/hr/1524.png
./train/lr/1525.png,./train/hr/1525.png
./train/lr/1526.png,./train/hr/1526.png
./train/lr/1527.png,./train/hr/1527.png
./train/lr/1528.png,./train/hr/1528.png
./train/lr/1529.png,./train/hr/1529.png
./train/lr/1530.png,./train/hr/1530.png
./train/lr/1531.png,./train/hr/1531.png
./train/lr/1532.png,./train/hr/1532.png
./train/lr/1533.png,./train/hr/1533.png
./train/lr/1534.png,./train/hr/1534.png
./train/lr/1535.png,./train/hr/1535.png
./train/lr/1536.png,./train/hr/1536.png
./train/lr/1537.png,./train/hr/1537.png
./train/lr/1538.png,./train/hr/1538.png
./train/lr/1539.png,./train/hr/1539.png
./train/lr/1540.png,./train/hr/1540.png
./train/lr/1541.png,./train/hr/1541.png
./train/lr/1542.png,./train/hr/1542.png
./train/lr/1543.png,./train/hr/1543.png
./train/lr/1544.png,./train/hr/1544.png
./train/lr/1545.png,./train/hr/1545.png
./train/lr/1546.png,./train/hr/1546.png
./train/lr/1547.png,./train/hr/1547.png
./train/lr/1548.png,./train/hr/1548.png
./train/lr/1549.png,./train/hr/1549.png
./train/lr/1550.png,./train/hr/1550.png
./train/lr/1551.png,./train/hr/1551.png
./train/lr/1552.png,./train/hr/1552.png
./train/lr/1553.png,./train/hr/1553.png
./train/lr/1554.png,./train/hr/1554.png
./train/lr/1555.png,./train/hr/1555.png
./train/lr/1556.png,./train/hr/1556.png
./train/lr/1557.png,./train/hr/1557.png
./train/lr/1558.png,./train/hr/1558.png
./train/lr/1559.png,./train/hr/1559.png
./train/lr/1560.png,./train/hr/1560.png
./train/lr/1561.png,./train/hr/1561.png
./train/lr/1562.png,./train/hr/1562.png
./train/lr/1563.png,./train/hr/1563.png
./train/lr/1564.png,./train/hr/1564.png
./train/lr/1565.png,./train/hr/1565.png
./train/lr/1566.png,./train/hr/1566.png
./train/lr/1567.png,./train/hr/1567.png
./train/lr/1568.png,./train/hr/1568.png
./train/lr/1569.png,./train/hr/1569.png
./train/lr/1570.png,./train/hr/1570.png
./train/lr/1571.png,./train/hr/1571.png
./train/lr/1572.png,./train/hr/1572.png
./train/lr/1573.png,./train/hr/1573.png
./train/lr/1574.png,./train/hr/1574.png
./train/lr/1575.png,./train/hr/1575.png
./train/lr/1576.png,./train/hr/1576.png
./train/lr/1577.png,./train/hr/1577.png
./train/lr/1578.png,./train/hr/1578.png
./train/lr/1579.png,./train/hr/1579.png
./train/lr/1580.png,./train/hr/1580.png
./train/lr/1581.png,./train/hr/1581.png
./train/lr/1582.png,./train/hr/1582.png
./train/lr/1583.png,./train/hr/1583.png
./train/lr/1584.png,./train/hr/1584.png
./train/lr/1585.png,./train/hr/1585.png
./train/lr/1586.png,./train/hr/1586.png
./train/lr/1587.png,./train/hr/1587.png
./train/lr/1588.png,./train/hr/1588.png
./train/lr/1589.png,./train/hr/1589.png
./train/lr/1590.png,./train/hr/1590.png
./train/lr/1591.png,./train/hr/1591.png
./train/lr/1592.png,./train/hr/1592.png
./train/lr/1593.png,./train/hr/1593.png
./train/lr/1594.png,./train/hr/1594.png
./train/lr/1595.png,./train/hr/1595.png
./train/lr/1596.png,./train/hr/1596.png
./train/lr/1597.png,./train/hr/1597.png
./train/lr/1598.png,./train/hr/1598.png
./train/lr/1599.png,./train/hr/1599.png
./train/lr/1600.png,./train/hr/1600.png
./train/lr/1601.png,./train/hr/1601.png
./train/lr/1602.png,./train/hr/1602.png
./train/lr/1603.png,./train/hr/1603.png
./train/lr/1604.png,./train/hr/1604.png
./train/lr/1605.png,./train/hr/1605.png
./train/lr/1606.png,./train/hr/1606.png
./train/lr/1607.png,./train/hr/1607.png
./train/lr/1608.png,./train/hr/1608.png
./train/lr/1609.png,./train/hr/1609.png
./train/lr/1610.png,./train/hr/1610.png
./train/lr/1611.png,./train/hr/1611.png
./train/lr/1612.png,./train/hr/1612.png
./train/lr/1613.png,./train/hr/1613.png
./train/lr/1614.png,./train/hr/1614.png
./train/lr/1615.png,./train/hr/1615.png
./train/lr/1616.png,./train/hr/1616.png
./train/lr/1617.png,./train/hr/1617.png
./train/lr/1618.png,./train/hr/1618.png
./train/lr/1619.png,./train/hr/1619.png
./train/lr/1620.png,./train/hr/1620.png
./train/lr/1621.png,./train/hr/1621.png
./train/lr/1622.png,./train/hr/1622.png
./train/lr/1623.png,./train/hr/1623.png
./train/lr/1624.png,./train/hr/1624.png
./train/lr/1625.png,./train/hr/1625.png
./train/lr/1626.png,./train/hr/1626.png
./train/lr/1627.png,./train/hr/1627.png
./train/lr/1628.png,./train/hr/1628.png
./train/lr/1629.png,./train/hr/1629.png
./train/lr/1630.png,./train/hr/1630.png
./train/lr/1631.png,./train/hr/1631.png
./train/lr/1632.png,./train/hr/1632.png
./train/lr/1633.png,./train/hr/1633.png
./train/lr/1634.png,./train/hr/1634.png
./train/lr/1635.png,./train/hr/1635.png
./train/lr/1636.png,./train/hr/1636.png
./train/lr/1637.png,./train/hr/1637.png
./train/lr/1638.png,./train/hr/1638.png
./train/lr/1639.png,./train/hr/1639.png
